<?xml version="1.0" encoding="UTF-8"?>
<project-private xmlns="http://www.netbeans.org/ns/project-private/1">
    <editor-bookmarks xmlns="http://www.netbeans.org/ns/editor-bookmarks/2" lastBookmarkId="1">
        <file>
            <url>src/sanjeevni/dao/EmpDao.java</url>
            <bookmark id="1">
                <name/>
                <line>114</line>
                <key/>
            </bookmark>
        </file>
    </editor-bookmarks>
    <open-files xmlns="http://www.netbeans.org/ns/projectui-open-files/2">
        <group>
            <file>file:/D:/DOC/NetBeansProjects/Hospital%20Management%20system/Sanjeevni%20App/Sanjeevni%20App/src/sanjeevni/gui/RemoveEmployeeFrame.java</file>
        </group>
    </open-files>
</project-private>
